idJugador,peso,experiencia,va_i_Muneca,va_f_Muneca,va_std_Muneca,va_i_Codo,va_f_Codo,va_std_Codo,va_i_Hombro,va_f_Hombro,va_std_Hombro,va_i_Cadera,va_f_Cadera,va_std_Cadera,va_i_Rodilla,va_f_Rodilla,va_std_Rodilla,va_i_Tobillo,va_f_Tobillo,va_std_Tobillo,efectividad,edad,sexo
2,86,13,418.5602722,43.79890219,236.6293991,62.82191467,283.0425659,399.6346393,-399.6887207,-129.7421642,380.0426639,-140.9689636,118.6883212,218.4854848,265.3487854,-434.2515464,280.9079228,242.5317688,-247.564064,176.033445,60,28,M
4,52,7,-36.99178143,-17.06844956,149.4495236,-559.9089996,314.1639198,276.6021965,-52.72935009,-385.3205919,322.7230744,-113.9388405,-253.0004745,209.4526627,153.0766392,77.73525325,160.62216,68.64747365,34.45777024,145.6567325,90,21,F
3,57,5,-9.592575359,-23.49742374,80.82371477,-42.01751785,225.0494343,247.6862708,-320.4879028,-580.1987286,344.5138981,-276.5829201,-167.6160265,232.1230797,-389.4836511,15.5515525,179.8563781,-225.9469543,-18.90449808,137.6257008,80,19,F
1,79,12,,,,-293.8245178,174.8174771,339.5096669,-32.87424221,32.38571624,309.5673875,-52.3347743,-269.1930976,242.190912,28.52065959,-33.24721948,203.5216408,35.11931801,2.788417475,191.3835272,100,24,M
